Stock Name,Risk Level
A,2
AA,2
AACG,5
AAL,3
AAMC,5
AAME,5
AAN,2
AAOI,4
AAON,3
AAP,2
AAPL,3
AAT,2
AAU,4
AAWW,2
AAXN,4
AB,2
ABB,2
ABBV,2
ABC,2
ABCB,2
ABEO,5
ABEV,2
ABG,2
ABIO,5
ABM,2
ABMD,4
ABR,2
ABT,2
ABTX,2
ABUS,4
AC,2
ACA,2
ACAD,4
ACAM,1
ACAMU,1
ACB,5
ACBI,2
ACC,2
ACCO,2
ACEL,1
ACER,5
ACGL,2
ACGLO,1
ACGLP,1
ACH,3
ACHC,4
ACHV,5
ACIA,4
ACIU,4
ACIW,2
ACLS,4
ACM,2
ACMR,4
ACN,2
ACNB,2
ACOR,3
ACP,1
ACRE,1
ACRS,4
ACRX,4
ACST,5
ACTG,3
ACTT,1
ACTTU,1
ACU,2
ACV,1
ACY,3
ADAP,4
ADBE,2
ADC,2
ADES,4
ADI,3
ADIL,5
ADM,2
ADMA,4
ADMP,5
ADMS,4
ADNT,3
ADP,2
ADPT,4
ADRO,4
ADS,2
ADSK,3
ADSW,2
ADT,3
ADTN,3
ADUS,3
ADVM,4
ADX,1
ADXN,5
ADXS,5
AE,4
AEB,1
AEE,2
AEF,2
AEFC,1
AEG,2
AEGN,3
AEHR,4
AEIS,3
AEL,2
AEM,3
AEMD,5
AEO,3
AEP,2
AER,2
AERI,4
AES,2
AESE,1
AEY,5
AEYE,5
AEZS,4
AFB,1
AFC,1
AFG,2
AFGC,5
AFGH,1
AFH,2
AFI,3
AFIN,2
AFINP,1
AFL,2
AFMD,4
AFT,1
AFYA,3
AG,4
AGBA,1
AGBAU,1
AGCO,2
AGD,1
AGE,5
AGEN,4
AGFS,4
AGI,4
AGIO,4
AGLE,4
AGM-A,2
AGM,2
AGMH,5
AGN,2
AGNC,1
AGNCM,1
AGNCN,1
AGNCO,1
AGNCP,5
AGO,2
AGR,2
AGRO,2
AGRX,4
AGS,3
AGTC,4
AGX,3
AGYS,3
AHC,2
AHCO,1
AHH,2
AHPI,4
AHT,2
AI,2
AIC,1
AIF,1
AIG,2
AIH,4
AIHS,5
AIKI,5
AIM,4
AIMC,2
AIMT,3
AIN,2
AINC,3
AINV,2
AIO,5
AIR,2
AIRG,4
AIRI,5
AIRT,5
AIRTP,5
AIT,2
AIV,2
AIW,1
AIZ,2
AIZP,2
AJG,2
AJRD,2
AJX,2
AJXA,2
AKAM,2
AKBA,4
AKCA,4
AKER,5
AKG,4
AKR,2
AKRO,5
AKRX,4
AKTS,4
AKTX,4
AL,2
ALAC,1
ALACR,1
ALACU,1
ALB,2
ALBO,4
ALC,5
ALCO,2
ALDX,4
ALE,2
ALEC,4
ALEX,2
ALG,2
ALGN,3
ALGR,1
ALGRU,1
ALGT,2
ALIM,4
ALJJ,5
ALK,3
ALKS,4
ALL,2
ALLE,2
ALLK,4
ALLO,3
ALLT,3
ALLY,2
ALNA,5
ALNY,4
ALO,4
ALOT,4
ALPN,4
ALRM,2
ALRN,5
ALRS,1
ALSK,3
ALSN,2
ALT,5
ALTG,1
ALTM,4
ALTR,3
ALUS,5
ALV,2
ALX,2
ALXN,3
ALYA,3
AM,2
AMAG,4
AMAL,2
AMAT,3
AMBA,4
AMBC,2
AMBO,5
AMC,3
AMCI,1
AMCIU,1
AMCR,2
AMCX,2
AMD,4
AME,2
AMED,4
AMEH,5
AMG,2
AMGN,2
AMH,1
AMHC,5
AMHCU,1
AMJ,2
AMK,5
AMKR,4
AMN,2
AMNB,2
AMOT,4
AMOV,2
AMP,2
AMPE,5
AMPH,3
AMPY,4
AMRB,2
AMRC,3
AMRH,5
AMRK,3
AMRN,4
AMRS,4
AMRX,5
AMS,4
AMSC,4
AMSF,2
AMSWA,3
AMT,2
AMTB,3
AMTBB,4
AMTD,2
AMTX,5
AMU,2
AMUB,1
AMWD,3
AMX,2
AMZN,2
AN,2
ANAB,4
ANAT,2
ANCN,5
ANDA,1
ANDAU,1
ANDE,2
ANET,3
ANF,3
ANGI,3
ANGO,2
ANH,2
ANIK,4
ANIP,4
ANIX,5
ANPC,5
ANSS,2
ANTE,4
ANTM,2
ANVS,1
ANY,5
AOBC,4
AOD,1
AON,2
AOS,2
AOSL,2
AP,2
APA,3
APAM,2
APD,2
APDN,5
APEI,2
APEN,5
APEX,2
APH,2
APHA,4
APLE,1
APLS,4
APLT,5
APM,4
APO,2
APOG,3
APOP,4
APPF,3
APPN,4
APPS,4
APRE,5
APRN,5
APT,3
APTO,5
APTS,2
APTV,2
APTX,4
APVO,4
APWC,5
APXT,1
APXTU,1
APY,3
APYX,4
AQB,4
AQMS,5
AQN,2
AQNA,1
AQNB,1
AQST,5
AQUA,3
AR,2
ARA,5
ARAV,4
ARAY,3
ARC,3
ARCB,3
ARCC,1
ARCE,3
ARCH,3
ARCO,3
ARCT,4
ARD,2
ARDC,1
ARDS,5
ARDX,4
ARE,2
AREC,5
ARES,2
ARGD,1
ARGO,2
ARGX,3
ARI,1
ARKR,2
ARL,2
ARLO,4
ARLP,2
ARMK,2
ARMP,5
ARNA,4
ARNC,2
AROC,3
AROW,2
ARPO,4
ARQT,5
ARR,1
ARTL,5
ARTNA,2
ARTW,4
ARVN,4
ARW,2
ARWR,5
ARYA,1
ARYAU,1
ASA,2
ASB,2
ASC,3
ASFI,3
ASG,2
ASGN,3
ASH,2
ASIX,3
ASLN,5
ASM,4
ASMB,4
ASML,2
ASNA,3
ASND,3
ASPN,4
ASPS,3
ASPU,4
ASR,2
ASRT,4
ASRV,2
ASRVP,2
ASTC,5
ASTE,4
ASUR,5
ASX,3
ASYS,4
AT,2
ATAX,2
ATCO,3
ATCX,5
ATEC,4
ATEN,2
ATEX,4
ATGE,2
ATH,2
ATHE,4
ATHM,3
ATHX,4
ATI,3
ATIF,5
ATKR,2
ATLC,4
ATLO,2
ATMP,2
ATNI,2
ATNM,5
ATNX,4
ATO,2
ATOM,4
ATOS,5
ATR,2
ATRA,4
ATRC,3
ATRI,2
ATRO,4
ATRS,4
ATSG,3
ATTO,3
ATUS,2
ATV,4
ATVI,2
ATXI,4
AU,3
AUB,2
AUBN,2
AUDC,4
AUG,4
AUMN,5
AUPH,4
AUTL,4
AUTO,4
AUY,4
AVA,2
AVAL,2
AVAV,3
AVB,2
AVCO,5
AVD,3
AVDL,4
AVEO,4
AVGO,2
AVGOP,2
AVGR,5
AVH,2
AVID,4
AVK,1
AVLR,4
AVNS,2
AVNW,4
AVRO,5
AVT,2
AVTR,3
AVXL,5
AVY,2
AVYA,3
AWF,1
AWI,2
AWK,2
AWP,1
AWR,2
AWRE,4
AWX,3
AX,2
AXAS,4
AXDX,5
AXE,2
AXGN,5
AXGT,4
AXL,3
AXLA,5
AXNX,4
AXO,5
AXP,2
AXR,3
AXS,2
AXSM,4
AXTA,2
AXTI,4
AXU,4
AY,2
AYI,2
AYTU,5
AYX,4
AZN,2
AZO,2
AZPN,2
AZRE,3
AZRX,4
AZUL,3
AZZ,4
B,2
BA,2
BABA,2
BAC,2
BAF,1
BAH,2
BAK,3
BAL,2
BAM,2
BANC,2
BAND,3
BANF,2
BANFP,1
BANR,2
BANX,2
BAP,2
BAR,1
BASI,4
BATL,5
BATRA,2
BATRK,2
BAX,2
BB,4
BBAR,3
BBBY,2
BBCP,1
BBD,3
BBDC,2
BBDO,3
BBF,1
BBGI,4
BBI,4
BBIO,4
BBK,1
BBL,2
BBN,1
BBQ,4
BBSI,3
BBU,2
BBVA,2
BBW,3
BBX,5
BBY,4
BC,2
BCBP,2
BCC,2
BCDA,5
BCE,1
BCEI,3
BCEL,5
BCH,2
BCLI,5
BCM,1
BCML,2
BCO,2
BCOM,4
BCOR,2
BCOV,3
BCOW,2
BCPC,2
BCRX,4
BCS,2
BCSF,1
BCTF,1
BCV,1
BCX,1
BCYC,5
BDC,3
BDCS,1
BDCZ,1
BDGE,2
BDJ,1
BDL,3
BDN,2
BDR,4
BDSI,4
BDTX,5
BDX,2
BDXA,2
BE,5
BEAM,5
BEAT,4
BECN,2
BEDU,4
BELFA,4
BELFB,3
BEN,2
BEP,2
BERY,2
BEST,4
BFAM,2
BFC,2
BFIN,2
BFK,1
BFO,1
BFRA,3
BFS,2
BFST,2
BFY,1
BFYT,5
BFZ,1
BG,2
BGB,1
BGCP,2
BGFV,3
BGG,2
BGH,1
BGI,5
BGIO,1
BGNE,4
BGR,2
BGS,2
BGSF,3
BGT,1
BGX,1
BGY,1
BH,2
BHAT,2
BHB,2
BHC,3
BHE,2
BHF,5
BHFAL,1
BHFAP,1
BHK,1
BHLB,2
BHP,2
BHR,2
BHTG,5
BHV,2
BHVN,4
BIDU,3
BIF,2
BIG,3
BIIB,2
BILI,4
BILL,5
BIMI,5
BIO,2
BIOC,5
BIOL,5
BIOX,1
BIP,2
BIT,1
BITA,4
BJ,2
BJRI,3
BK,2
BKCC,2
BKD,2
BKE,3
BKEP,2
BKEPP,2
BKH,2
BKI,2
BKK,1
BKN,1
BKNG,2
BKR,2
BKSC,2
BKT,1
BKTI,4
BKU,2
BKYI,5
BL,2
BLBD,1
BLCM,4
BLD,2
BLDP,4
BLDR,3
BLE,1
BLFS,5
BLIN,5
BLK,2
BLKB,2
BLL,2
BLMN,2
BLNK,5
BLPH,5
BLRX,4
BLU,5
BLUE,4
BLW,1
BLX,2
BMA,3
BMCH,2
BME,2
BMEZ,5
BMI,2
BMLP,2
BMO,2
BMRA,5
BMRC,2
BMRN,3
BMTC,2
BMY,2
BNED,3
BNFT,4
BNGO,5
BNKD,4
BNKO,4
BNKU,4
BNKZ,4
BNS,2
BNSO,5
BNTC,4
BNTX,5
BNY,1
BOCH,2
BOE,1
BOH,2
BOKF,2
BOKFL,1
BOMN,2
BOOM,4
BOOT,4
BORR,5
BOSC,4
BOTJ,2
BOX,3
BOXL,5
BP,2
BPFH,2
BPMC,4
BPMP,2
BPMX,5
BPOP,2
BPOPM,2
BPOPN,1
BPRN,2
BPT,2
BPTH,5
BPY,2
BPYPN,5
BPYPO,1
BPYPP,1
BPYU,5
BPYUP,5
BQH,1
BR,2
BRBR,3
BRBS,1
BRC,2
BREW,3
BRFS,3
BRG,2
BRID,4
BRKL,2
BRKR,2
BRKS,4
BRMK,5
BRN,2
BRO,2
BROG,1
BRP,4
BRPA,1
BRPAR,5
BRPAU,1
BRQS,1
BRT,2
BRX,2
BRY,5
BSA,2
BSAC,2
BSBK,5
BSBR,3
BSD,1
BSE,1
BSET,2
BSGM,5
BSIG,2
BSL,1
BSM,2
BSMX,2
BSQR,4
BSRR,2
BST,5
BSTC,5
BSTZ,1
BSVN,3
BSX,2
BTA,1
BTAI,5
BTE,4
BTG,4
BTI,2
BTN,3
BTO,2
BTT,1
BTU,3
BTZ,1
BUD,2
BUI,1
BURL,2
BUSE,2
BV,3
BVN,3
BVSN,5
BVXV,4
BW,5
BWA,2
BWAY,4
BWB,2
BWEN,4
BWFG,2
BWG,1
BWMX,5
BWXT,2
BX,2
BXC,4
BXG,4
BXMT,2
BXMX,1
BXP,2
BXRX,5
BXS,2
BY,2
BYD,3
BYFC,2
BYM,1
BYND,5
BYSI,4
BZH,3
BZM,2
BZUN,4
C,2
CAAP,4
CAAS,4
CABA,5
CABO,2
CAC,2
CACC,4
CACI,2
CADE,2
CAE,2
CAF,2
CAG,2
CAH,2
CAI,2
CAJ,2
CAKE,2
CAL,2
CALA,5
CALB,1
CALM,2
CALX,3
CAMP,5
CAMT,3
CAN,5
CANF,4
CANG,4
CAPE,1
CAPL,2
CAPR,5
CAR,3
CARA,4
CARE,2
CARG,3
CARO,2
CARR#,1
CARS,3
CARV,5
CASA,4
CASH,2
CASI,5
CASS,2
CASY,2
CAT,2
CATB,4
CATC,2
CATM,2
CATO,4
CATS,5
CATY,2
CB,2
CBAN,2
CBAT,4
CBAY,4
CBB,2
CBD,3
CBFV,2
CBH,1
CBIO,3
CBL,2
CBLI,4
CBMB,1
CBMG,5
CBNK,2
CBOE,2
CBPO,4
CBRE,2
CBRL,2
CBSH,2
CBSHP,1
CBT,2
CBTX,2
CBU,2
CBZ,2
CC,3
CCAP,5
CCB,2
CCBG,2
CCC,2
CCCL,4
CCD,1
CCEP,2
CCF,2
CCH,1
CCI,2
CCJ,3
CCK,2
CCL,2
CCLP,3
CCM,3
CCMP,2
CCNE,2
CCO,2
CCOI,2
CCR,3
CCRC,5
CCRN,3
CCS,3
CCU,2
CCX,5
CCXI,4
CCZ,2
CDAY,3
CDE,4
CDEV,3
CDK,2
CDLX,4
CDMO,5
CDMOP,2
CDNA,4
CDNS,2
CDOR,3
CDR,2
CDTX,4
CDW,2
CDXC,4
CDXS,4
CDZI,4
CE,2
CEA,3
CECE,4
CEE,2
CEI,5
CEIX,3
CEL,2
CELC,4
CELH,5
CELP,4
CEM,2
CEMI,5
CEN,2
CENT,4
CENTA,3
CENX,4
CEO,2
CEPU,4
CEQP,2
CERC,5
CERN,2
CERS,4
CET,2
CETV,3
CETX,5
CETXP,5
CEV,1
CEVA,3
CF,3
CFB,5
CFBI,2
CFBK,2
CFFA,1
CFFAU,1
CFFI,2
CFFN,2
CFG,2
CFMS,4
CFR,2
CFRX,5
CFX,2
CFXA,2
CG,2
CGA,4
CGBD,1
CGC,4
CGEN,4
CGIX,4
CGNX,4
CGO,1
CHA,2
CHAP,5
CHCI,4
CHCO,2
CHCT,2
CHD,2
CHDN,2
CHE,2
CHEF,3
CHEK,4
CHFS,5
CHGG,3
CHH,2
CHI,1
CHK,4
CHKP,2
CHL,2
CHMA,4
CHMG,2
CHMI,1
CHN,2
CHNG,3
CHNGU,2
CHNR,5
CHPM,5
CHPMU,2
CHRA,5
CHRS,4
CHRW,2
CHS,4
CHSCL,1
CHSCM,1
CHSCN,1
CHSCO,1
CHSCP,1
CHT,1
CHTR,2
CHU,2
CHUY,3
CHW,1
CHWY,4
CHY,1
CI,2
CIA,3
CIB,2
CIDM,4
CIEN,4
CIF,2
CIFS,5
CIG,3
CIGI,2
CIH,5
CII,1
CIIC,5
CIICU,1
CIK,2
CIM,2
CINF,2
CINR,2
CIO,2
CIR,3
CIT,2
CIVB,2
CIX,3
CIZN,2
CJJD,4
CKH,2
CKPT,5
CKX,2
CL,2
CLAR,2
CLB,3
CLBK,2
CLBS,5
CLCT,2
CLDB,2
CLDR,3
CLDT,2
CLDX,4
CLF,2
CLFD,5
CLGN,4
CLGX,2
CLH,4
CLI,2
CLIR,4
CLLS,4
CLM,2
CLMT,2
CLNC,2
CLNE,4
CLNY,2
CLPR,3
CLPS,5
CLPT,5
CLR,3
CLRB,5
CLRO,4
CLS,2
CLSD,5
CLSK,5
CLSN,4
CLUB,4
CLVS,4
CLW,2
CLWT,5
CLX,2
CLXT,5
CM,2
CMA,2
CMBM,4
CMC,2
CMCL,5
CMCM,4
CMCO,3
CMCSA,2
CMCT,2
CMCTP,1
CMD,2
CME,2
CMG,2
CMI,2
CMLS,3
CMO,2
CMP,2
CMPR,2
CMRE,2
CMRX,4
CMS,2
CMSA,1
CMSC,1
CMSD,1
CMT,5
CMTL,4
CMU,1
CNA,2
CNAT,5
CNBKA,2
CNC,3
CNCE,4
CNDT,2
CNET,5
CNF,5
CNFR,3
CNFRL,3
CNHI,2
CNI,2
CNK,2
CNMD,2
CNNB,2
CNNE,2
CNO,2
CNOB,2
CNP,2
CNQ,2
CNR,3
CNS,2
CNSL,2
CNSP,5
CNST,5
CNTG,5
CNTY,3
CNX,3
CNXM,2
CNXN,4
CO,2
COCP,5
CODA,5
CODI,2
CODX,5
COE,5
COF,2
COFS,2
COG,3
COHN,4
COHR,3
COHU,3
COKE,2
COLB,2
COLD,2
COLL,4
COLM,2
COMM,2
CONE,2
CONN,4
COO,2
COOP,4
COP,2
COR,2
CORE,2
CORR,2
CORT,4
CORV,4
COST,2
COTY,2
COUP,3
COW,1
COWN,3
COWNL,1
COWNZ,1
CP,2
CPA,2
CPAA,1
CPAAU,1
CPAC,2
CPAH,5
CPB,2
CPE,4
CPF,2
CPG,2
CPHC,2
CPHI,5
CPIX,2
CPK,2
CPLG,2
CPLP,2
CPRI,3
CPRT,2
CPRX,4
CPS,2
CPSH,5
CPSI,2
CPSS,4
CPST,4
CPT,2
CPTA,2
CPTAG,1
CPTAL,1
CPZ,1
CQP,2
CR,2
CRAI,3
CRBP,4
CRC,5
CREE,4
CREG,5
CRESY,3
CREX,5
CRF,1
CRH,2
CRHM,4
CRI,2
CRIS,4
CRK,4
CRL,2
CRM,3
CRMD,5
CRMT,4
CRNC,4
CRNT,4
CRNX,4
CROC,2
CRON,4
CROX,3
CRS,2
CRSA,1
CRSAU,1
CRSP,4
CRT,2
CRTO,3
CRTX,5
CRUS,4
CRVL,2
CRVS,4
CRWD,5
CRWS,2
CRY,4
CS,2
CSBR,5
CSCO,2
CSFL,2
CSGP,2
CSGS,2
CSII,3
CSIQ,4
CSL,2
CSLT,4
CSOD,2
CSPI,4
CSPR,5
CSQ,1
CSSE,4
CSSEP,1
CSTE,3
CSTL,5
CSTM,3
CSTR,2
CSU,2
CSV,2
CSWC,2
CSWCL,1
CSWI,2
CSX,2
CTAA,1
CTAS,2
CTB,2
CTBB,1
CTBI,2
CTDD,1
CTEK,4
CTG,3
CTHR,4
CTIB,4
CTIC,4
CTK,5
CTL,2
CTLT,2
CTMX,4
CTO,2
CTR,2
CTRA,2
CTRC,5
CTRE,2
CTRM,5
CTRN,3
CTS,2
CTSH,2
CTSO,5
CTT,2
CTV,1
CTVA,2
CTXR,5
CTXS,2
CTY,1
CTZ,5
CUB,2
CUBA,3
CUBB,4
CUBE,2
CUBI,2
CUE,4
CUI,5
CUK,2
CULP,4
CUO,2
CURO,4
CUTR,3
CUZ,2
CVA,2
CVBF,2
CVCO,3
CVCY,2
CVE,3
CVEO,4
CVET,3
CVGI,3
CVGW,2
CVI,3
CVIA,5
CVLT,2
CVLY,2
CVM,5
CVNA,4
CVR,2
CVS,2
CVTI,3
CVU,5
CVV,4
CVX,2
CW,2
CWBC,2
CWBR,5
CWCO,3
CWEN,2
CWH,4
CWK,2
CWST,3
CWT,2
CX,2
CXDC,4
CXE,1
CXH,1
CXO,3
CXP,2
CXW,2
CY,3
CYAD,4
CYAN,5
CYBE,4
CYBR,3
CYCC,5
CYCCP,5
CYCN,5
CYD,4
CYH,2
CYOU,3
CYRN,4
CYRX,5
CYTK,4
CZNC,2
CZR,4
CZWI,2
CZZ,3
D,1
DAC,4
DAIO,4
DAKT,4
DAL,2
DAN,3
DAO,3
DAR,2
DARE,5
DAUD,2
DAVA,3
DB,2
DBD,2
DBI,3
DBL,1
DBVT,3
DBX,3
DCAR,5
DCF,5
DCHF,2
DCI,2
DCO,3
DCOM,2
DCOMP,5
DCP,2
DCPH,4
DCUE,1
DD,2
DDD,4
DDF,1
DDOG,5
DDS,2
DDT,1
DE,2
DEA,2
DEAC,1
DEACU,1
DECK,4
DEI,2
DELL,2
DENN,2
DEO,2
DESP,3
DEUR,2
DEX,1
DFFN,5
DFIN,3
DFNS,5
DFP,1
DFS,2
DFVL,1
DFVS,2
DG,2
DGAZ,5
DGBP,3
DGICA,2
DGICB,3
DGII,4
DGLD,3
DGLY,5
DGP,2
DGX,2
DGZ,1
DHC,2
DHCNI,1
DHF,1
DHI,3
DHIL,2
DHR,2
DHT,3
DHX,4
DHY,1
DIAX,1
DIN,2
DIOD,5
DIS,2
DISCA,2
DISCB,2
DISCK,2
DISH,2
DIT,2
DIVC,1
DJCI,1
DJCO,2
DJP,1
DJPY,2
DK,3
DKL,2
DKS,2
DL,4
DLA,2
DLB,2
DLHC,5
DLNG,2
DLPH,2
DLPN,5
DLR,2
DLTH,3
DLTR,2
DLX,2
DLY,1
DMAC,5
DMB,1
DMF,1
DMLP,2
DMO,1
DMPI,5
DMRC,3
DMTK,1
DNI,1
DNJR,5
DNK,5
DNKN,2
DNLI,4
DNN,4
DNOW,3
DNP,1
DNR,3
DO,3
DOC,2
DOCU,4
DOGZ,4
DOMO,1
DOOO,2
DOOR,2
DORM,4
DOV,2
DOW,3
DOX,2
DOYU,4
DPG,1
DPHC,1
DPHCU,1
DPW,5
DPZ,2
DQ,4
DRAD,3
DRADP,4
DRD,4
DRE,2
DRH,2
DRI,2
DRIO,5
DRNA,4
DRQ,3
DRR,2
DRRX,4
DRTT,4
DRUA,1
DS,2
DSE,2
DSGX,2
DSKE,1
DSL,1
DSLV,4
DSM,1
DSPG,3
DSS,5
DSSI,3
DSU,1
DSWL,3
DSX,3
DT,4
DTE,2
DTEA,4
DTF,1
DTIL,4
DTJ,1
DTO,4
DTP,5
DTQ,1
DTSS,5
DTUL,1
DTUS,1
DTW,1
DTY,1
DTYL,1
DUC,1
DUK,2
DUKB,1
DUKH,1
DUO,3
DUOT,5
DVA,2
DVAX,4
DVD,3
DVN,2
DWSN,4
DX,2
DXB,1
DXC,2
DXCM,3
DXF,4
DXLG,4
DXPE,4
DXR,2
DXYN,4
DY,4
DYAI,5
DYNT,5
DZSI,4
DZZ,2
E,2
EA,3
EAB,1
EAD,1
EAE,1
EAF,4
EAI,1
EARN,1
EARS,4
EAST,4
EAT,2
EB,3
EBAY,2
EBAYL,1
EBF,2
EBIX,5
EBMT,2
EBR,4
EBS,3
EBSB,2
EBTC,2
EC,2
ECC,2
ECCB,1
ECCX,1
ECCY,1
ECF,2
ECHO,2
ECL,2
ECOL,5
ECOM,3
ECOR,5
ECPG,2
ECT,4
ED,1
EDAP,4
EDD,1
EDF,2
EDI,2
EDIT,4
EDN,3
EDNT,4
EDRY,4
EDSA,5
EDU,3
EDUC,4
EE,2
EEA,2
EEFT,2
EEH,1
EEX,2
EFC,1
EFF,1
EFL,1
EFOI,4
EFR,1
EFSC,2
EFT,1
EFX,2
EGAN,5
EGBN,2
EGF,1
EGHT,5
EGIF,1
EGLE,4
EGO,4
EGOV,2
EGP,2
EGRX,3
EGY,5
EH,4
EHC,2
EHI,1
EHT,1
EHTH,4
EIC,5
EIDX,4
EIG,2
EIGI,3
EIGR,4
EIM,1
EIX,2
EKSO,5
EL,2
ELA,1
ELAN,2
ELAT,5
ELC,3
ELF,3
ELGX,4
ELJ,3
ELLO,5
ELMD,4
ELOX,5
ELP,3
ELS,2
ELSE,4
ELTK,5
ELU,1
ELVT,3
ELY,3
EMAN,5
EMCF,2
EMD,1
EME,2
EMF,2
EMKR,4
EML,2
EMMS,4
EMN,2
EMO,2
EMP,5
EMR,2
EMX,4
ENB,2
ENBA,1
ENBL,2
ENDP,2
ENG,4
ENIA,2
ENIC,2
ENJ,1
ENLC,2
ENLV,5
ENO,1
ENOB,5
ENPH,4
ENR,2
ENS,2
ENSG,2
ENSV,5
ENT,4
ENTA,3
ENTG,2
ENTX,5
ENV,3
ENVA,3
ENX,1
ENZ,4
EOD,1
EOG,2
EOI,1
EOLS,4
EOS,1
EOT,1
EPAC,2
EPAM,2
EPAY,2
EPC,2
EPD,2
EPIX,5
EPM,5
EPR,2
EPRT,2
EPSN,3
EPZM,4
EQ,5
EQBK,2
EQC,2
EQH,2
EQIX,2
EQM,2
EQNR,2
EQR,2
EQS,2
EQT,2
EQX,3
ERA,3
ERC,1
ERF,2
ERH,1
ERI,5
ERIC,2
ERIE,2
ERII,4
ERJ,2
EROS,4
ERYP,5
ES,2
ESBA,2
ESBK,2
ESCA,4
ESE,2
ESEA,4
ESGR,2
ESGRO,1
ESGRP,1
ESI,2
ESLT,2
ESNT,2
ESP,2
ESPR,4
ESQ,2
ESRT,2
ESS,2
ESSA,2
ESSC,5
ESSCU,5
ESTA,3
ESTC,3
ESTE,5
ESXB,2
ET,2
ETB,1
ETFC,2
ETG,1
ETH,2
ETJ,1
ETM,3
ETN,2
ETNB,5
ETO,1
ETON,4
ETR,2
ETRN,3
ETSY,4
ETTX,4
ETV,1
ETW,1
ETX,1
ETY,1
EUFX,1
EURN,2
EV,2
EVA,2
EVBG,3
EVBN,2
EVC,3
EVER,4
EVF,1
EVFM,5
EVG,1
EVGBC,1
EVGN,3
EVH,4
EVI,5
EVK,4
EVLMC,1
EVLO,4
EVM,1
EVN,1
EVOK,4
EVOL,5
EVOP,2
EVR,2
EVRG,1
EVRI,3
EVSI,5
EVSTC,1
EVT,1
EVTC,2
EVV,1
EVY,1
EW,2
EWBC,2
EXAS,4
EXC,2
EXD,1
EXEL,4
EXFO,4
EXG,1
EXK,4
EXLS,2
EXP,2
EXPC,1
EXPCU,1
EXPD,2
EXPE,2
EXPI,5
EXPO,2
EXPR,3
EXR,2
EXTN,3
EXTR,3
EYE,3
EYEG,5
EYEN,4
EYES,4
EYPT,4
EZPW,4
EZT,1
F,2
FAF,2
FAM,1
FAMI,5
FANG,3
FANH,4
FARM,2
FARO,4
FAST,2
FAT,4
FATE,4
FAX,1
FB,2
FBC,2
FBGX,2
FBHS,2
FBIO,4
FBIOP,2
FBIZ,2
FBK,2
FBM,3
FBMS,2
FBNC,2
FBP,2
FBSS,2
FC,2
FCAP,2
FCAU,3
FCBC,2
FCBP,2
FCCO,2
FCCY,2
FCEL,4
FCF,2
FCFS,2
FCN,2
FCNCA,2
FCNCP,5
FCO,1
FCPT,2
FCT,1
FCX,3
FDBC,2
FDEF,2
FDEU,1
FDP,2
FDS,2
FDUS,2
FDUSG,1
FDUSZ,1
FDX,2
FE,2
FEDU,4
FEI,2
FEIM,3
FELE,2
FEN,2
FENC,4
FENG,4
FEO,1
FET,4
FEUL,2
FEYE,4
FF,2
FFA,1
FFBC,2
FFBW,1
FFC,1
FFEU,2
FFG,2
FFHL,5
FFIC,2
FFIN,2
FFIV,2
FFNW,2
FFWM,2
FG,2
FGB,2
FGBI,2
FGEN,3
FHB,2
FHI,2
FHN,2
FI,3
FIBK,2
FICO,2
FIEE,2
FIF,1
FIHD,2
FINS,2
FINV,4
FIS,2
FISI,2
FISK,2
FISV,2
FIT,4
FITB,2
FITBI,1
FITBO,1
FITBP,2
FIV,1
FIVE,3
FIVN,3
FIX,3
FIXX,4
FIYY,2
FIZZ,3
FL,2
FLAT,1
FLC,1
FLDM,4
FLEX,2
FLGE,2
FLGT,4
FLIC,2
FLIR,2
FLL,5
FLMN,1
FLNG,4
FLNT,5
FLO,2
FLOW,4
FLR,2
FLS,2
FLT,2
FLWS,3
FLXN,4
FLXS,3
FLY,2
FMAO,2
FMBH,2
FMBI,2
FMC,2
FMCI,1
FMCIU,1
FMN,1
FMNB,2
FMO,2
FMS,2
FMX,2
FMY,1
FN,3
FNB,2
FNCB,3
FND,3
FNF,2
FNGD,4
FNGO,4
FNGU,4
FNGZ,4
FNHC,3
FNJN,4
FNKO,4
FNLC,2
FNV,2
FNWB,2
FOCS,3
FOE,2
FOF,1
FOLD,4
FONR,4
FOR,2
FORD,5
FORK,4
FORM,3
FORR,2
FORTY,3
FOSL,4
FOX,2
FOXA,2
FOXF,2
FPAC,1
FPAY,5
FPF,1
FPH,2
FPI,2
FPL,2
FPRX,4
FR,2
FRA,1
FRAF,2
FRAN,3
FRBA,2
FRBK,2
FRC,2
FRD,3
FREQ,4
FRG,2
FRGI,3
FRHC,5
FRLG,2
FRME,2
FRO,4
FRPH,3
FRPT,3
FRSX,4
FRT,2
FRTA,5
FSB,2
FSBC,1
FSBW,2
FSCT,4
FSD,1
FSEA,2
FSFG,2
FSI,4
FSK,2
FSLR,3
FSLY,4
FSM,4
FSP,2
FSRV,1
FSRVU,1
FSS,2
FSTR,4
FSV,2
FT,1
FTAC,1
FTACU,1
FTAI,1
FTCH,4
FTDR,3
FTEK,4
FTF,1
FTFT,5
FTI,2
FTK,4
FTNT,2
FTR,2
FTS,1
FTSI,4
FTSV,5
FTV,2
FUD,1
FUE,2
FUL,2
FULC,5
FULT,2
FUN,2
FUNC,2
FUND,2
FUSB,2
FUTU,4
FUV,4
FVCB,1
FVE,3
FVRR,4
FWONA,2
FWONK,2
FWP,4
FWRD,2
FXNC,2
G,2
GAB,2
GABC,2
GAIA,3
GAIN,2
GAINL,1
GAINM,1
GALT,5
GAM,1
GARS,1
GASS,3
GATX,2
GAZ,3
GBAB,1
GBCI,2
GBDC,1
GBL,2
GBLI,2
GBLIZ,1
GBR,5
GBT,2
GBX,3
GCAP,3
GCBC,2
GCE,2
GCI,2
GCO,4
GCP,2
GCV,2
GD,2
GDDY,2
GDEN,4
GDL,1
GDO,1
GDOT,3
GDP,3
GDS,4
GDV,1
GDYN,5
GE,2
GEC,4
GECC,1
GECCN,1
GEF,2
GEL,2
GEN,4
GENC,2
GENE,5
GEO,2
GEOS,4
GER,2
GERN,4
GES,4
GEVO,5
GF,2
GFED,2
GFF,5
GFI,3
GFL,1
GFLU,5
GFN,3
GFNCP,1
GFY,1
GGAL,3
GGB,3
GGG,2
GGM,1
GGN,2
GGO,2
GGT,2
GGZ,1
GH,5
GHC,2
GHG,5
GHIV,5
GHIVU,5
GHL,2
GHM,2
GHSI,5
GHY,1
GIB,2
GIFI,3
GIGM,4
GIII,4
GIL,2
GILD,2
GILT,3
GIM,1
GIS,2
GIX,5
GJH,1
GJO,1
GJP,2
GJR,1
GJS,1
GJT,1
GKOS,3
GL,2
GLAD,2
GLADD,1
GLADL,1
GLBS,5
GLBZ,2
GLDD,3
GLDI,1
GLEO,1
GLG,5
GLIBA,2
GLIBP,1
GLMD,4
GLNG,3
GLO,1
GLOB,3
GLOG,3
GLOP,2
GLP,2
GLPG,3
GLPI,1
GLQ,1
GLRE,2
GLT,2
GLU,1
GLUU,4
GLV,1
GLW,2
GLYC,4
GM,2
GMAB,3
GMDA,4
GME,3
GMED,2
GMHI,1
GMHIU,1
GMLP,2
GMLPP,1
GMO,5
GMRE,2
GMS,2
GMTA,1
GMZ,2
GNAF,2
GNC,4
GNCA,4
GNE,3
GNFT,4
GNK,4
GNL,5
GNLN,5
GNMK,4
GNPX,5
GNRC,2
GNRSU,5
GNSS,3
GNT,2
GNTX,2
GNTY,2
GNUS,5
GNW,2
GO,2
GOF,1
GOGL,3
GOGO,4
GOL,4
GOLD,2
GOLF,2
GOOD,2
GOODM,1
GOODN,1
GOOG,2
GOOGL,2
GOOS,3
GORO,4
GOSS,4
GPAQ,1
GPAQU,1
GPC,2
GPI,2
GPJA,1
GPK,2
GPL,4
GPM,1
GPMT,1
GPN,2
GPOR,4
GPP,2
GPRE,4
GPRK,3
GPRO,4
GPS,3
GPX,3
GRA,2
GRAF,1
GRAM,3
GRBK,5
GRC,2
GRF,2
GRFS,2
GRIF,2
GRIL,5
GRIN,4
GRMN,2
GRN,4
GRNQ,5
GRNV,1
GRNVU,1
GROW,4
GRPN,4
GRTS,5
GRTX,5
GRU,2
GRUB,3
GRVY,4
GRWG,4
GRX,1
GS,2
GSAT,4
GSB,5
GSBC,2
GSBD,1
GSC,2
GSH,2
GSHD,4
GSIT,3
GSK,2
GSKY,4
GSL,4
GSLD,5
GSM,3
GSMG,5
GSP,2
GSS,4
GSUM,4
GSV,4
GSX,5
GT,2
GTE,3
GTEC,1
GTES,3
GTHX,4
GTIM,5
GTLS,4
GTN,3
GTS,3
GTT,4
GTX,4
GTY,2
GTYH,1
GURE,4
GUT,2
GV,5
GVA,3
GVP,4
GWB,2
GWGH,4
GWPH,4
GWRE,2
GWRS,2
GWW,2
GXGX,1
GXGXU,1
GYC,2
GYRO,2
H,2
HA,3
HAE,2
HAFC,2
HAIN,2
HAL,2
HALL,5
HALO,4
HAPP,5
HARP,4
HAS,2
HASI,2
HAYN,3
HBAN,2
HBANN,1
HBANO,1
HBB,3
HBCP,2
HBI,2
HBIO,3
HBM,3
HBMD,2
HBNC,2
HBP,5
HBT,2
HCA,2
HCAC,1
HCACU,1
HCAP,2
HCAT,4
HCC,3
HCCH,1
HCCHU,1
HCCI,3
HCCO,5
HCCOU,2
HCFT,2
HCHC,3
HCI,2
HCKT,4
HCM,3
HCR,4
HCSG,2
HCXY,1
HCXZ,1
HD,2
HDB,2
HDS,2
HDSN,5
HE,1
HEAR,4
HEBT,5
HEES,3
HEI,2
HELE,3
HEP,2
HEPA,5
HEQ,1
HES,2
HESM,2
HEXO,5
HFBL,2
HFC,2
HFFG,5
HFRO,1
HFWA,2
HGH,1
HGLB,2
HGSH,5
HGV,2
HHC,2
HHHH,1
HHHHU,1
HHR,3
HHS,2
HHT,5
HI,2
HIBB,3
HIE,2
HIFS,2
HIG,2
HIHO,5
HII,2
HIL,4
HIMX,4
HIO,1
HIW,2
HIX,1
HJLI,5
HJLIW,5
HJV,2
HKIB,3
HL,4
HLF,2
HLG,3
HLI,2
HLIO,3
HLIT,4
HLNE,2
HLT,2
HLX,3
HMC,2
HMG,2
HMHC,2
HMI,5
HMLP,2
HMN,2
HMNF,2
HMST,2
HMSY,4
HMTV,2
HMY,4
HNGR,4
HNI,2
HNNA,3
HNP,2
HNRG,5
HNW,1
HOFT,3
HOG,2
HOLI,3
HOLX,4
HOMB,2
HOME,3
HON,2
HONE,2
HOOK,5
HOPE,2
HOTH,5
HOV,3
HOVNP,5
HP,2
HPE,2
HPF,1
HPI,1
HPP,2
HPQ,2
HPR,4
HPS,1
HQH,2
HQI,5
HQL,2
HQY,3
HR,2
HRB,2
HRC,2
HRI,3
HRL,2
HROW,5
HRTG,2
HRTX,4
HRZN,2
HSBC,2
HSC,2
HSDT,4
HSIC,2
HSII,3
HSKA,5
HSON,3
HST,2
HSTM,4
HSY,2
HT,2
HTA,2
HTBI,2
HTBK,2
HTBX,5
HTD,1
HTFA,1
HTGC,2
HTGM,5
HTH,2
HTHT,3
HTIA,5
HTLD,2
HTLF,2
HTY,2
HTZ,4
HUBB,2
HUBG,3
HUBS,3
HUD,3
HUGE,5
HUIZ,5
HUM,2
HUN,2
HURC,4
HURN,2
HUSA,5
HUYA,4
HVBC,2
HVT,3
HWBK,2
HWC,2
HWCC,3
HWCPL,1
HWKN,2
HX,5
HXL,2
HY,3
HYAC,1
HYACU,1
HYB,1
HYI,1
HYRE,5
HYT,1
HZN,3
HZNP,4
HZO,3
I,4
IAA,1
IAC,2
IAE,2
IAF,2
IAG,4
IART,2
IBA,2
IBCP,2
IBIO,5
IBKC,2
IBKCN,1
IBKCO,1
IBKCP,1
IBKR,2
IBM,2
IBN,3
IBOC,2
IBP,3
IBTX,2
ICAD,4
ICBK,2
ICCC,5
ICCH,2
ICD,4
ICE,2
ICFI,2
ICHR,4
ICL,2
ICLK,4
ICLR,2
ICMB,2
ICON,5
ICPT,4
ICUI,2
IDA,2
IDCC,4
IDE,1
IDEX,5
IDN,4
IDRA,5
IDT,2
IDXG,4
IDXX,2
IDYA,5
IEA,2
IEC,5
IEP,2
IESC,4
IEX,2
IFF,2
IFFT,2
IFMK,5
IFN,2
IFRX,4
IFS,5
IGA,1
IGC,5
IGD,1
IGI,1
IGIC,5
IGMS,5
IGR,1
IGT,3
IHC,2
IHD,2
IHG,2
IHIT,1
IHRT,3
IHT,2
IHTA,1
IID,1
IIF,2
III,3
IIIN,3
IIIV,3
IIM,1
IIN,4
IIPR,4
IIVI,4
IKNX,3
ILMN,2
ILPT,2
IMAB,5
IMAC,5
IMAX,4
IMBI,4
IMGN,4
IMH,4
IMKTA,3
IMLP,2
IMMP,4
IMMR,4
IMMU,4
IMO,2
IMOS,3
IMRA,5
IMRN,5
IMTE,5
IMUX,4
IMV,4
IMVT,1
IMVTU,5
IMXI,1
INBK,2
INBKL,1
INBKZ,1
INCY,4
INDB,2
INDO,5
INFI,4
INFN,4
INFO,2
INFU,3
INFY,2
ING,2
INGN,4
INGR,2
INMB,4
INMD,5
INN,2
INNT,5
INO,4
INOD,4
INOV,3
INPX,5
INS,4
INSE,4
INSG,4
INSI,1
INSM,4
INSP,3
INSU,1
INSUU,1
INSW,3
INT,2
INTC,3
INTG,2
INTL,5
INTT,5
INTU,2
INUV,5
INVA,3
INVE,4
INVH,1
INWK,3
IO,4
IONS,4
IOR,2
IOSP,2
IOTS,4
IOVA,5
IP,2
IPAR,3
IPDN,5
IPG,2
IPGP,3
IPHA,4
IPHI,3
IPI,3
IPLDP,1
IPV,5
IPWR,4
IQ,4
IQI,1
IQV,2
IR,2
IRBT,4
IRCP,4
IRDM,3
IRET,2
IRIX,4
IRL,2
IRM,2
IRMD,4
IROQ,1
IRR,2
IRS,2
IRT,2
IRTC,3
IRWD,3
ISBC,2
ISD,1
ISDR,5
ISEE,4
ISIG,5
ISNS,4
ISR,4
ISRG,2
ISSC,4
ISTR,2
IT,2
ITCB,2
ITCI,4
ITGR,2
ITI,4
ITIC,2
ITMR,4
ITP,4
ITRI,2
ITRM,5
ITRN,2
ITT,2
ITUB,3
ITW,2
IVAC,4
IVC,3
IVH,1
IVR,2
IVZ,2
IX,2
IZEA,5
J,2
JACK,2
JAGX,5
JAKK,4
JAN,5
JAX,2
JAZZ,2
JBGS,2
JBHT,2
JBK,1
JBL,2
JBLU,3
JBN,2
JBR,2
JBSS,4
JBT,2
JCAP,2
JCE,1
JCI,2
JCO,1
JCOM,2
JCP,2
JCS,3
JCTCF,3
JD,3
JDD,1
JE,2
JEF,2
JELD,3
JEMD,1
JEQ,2
JFIN,5
JFK,1
JFKKU,1
JFR,1
JFU,4
JG,5
JGH,1
JHAA,2
JHB,1
JHG,2
JHI,1
JHS,1
JHX,2
JHY,1
JIH,1
JILL,5
JJA,2
JJC,2
JJE,2
JJG,2
JJM,2
JJN,3
JJP,2
JJS,2
JJSF,2
JJT,2
JJU,2
JKHY,2
JKS,4
JLL,2
JLS,1
JMEI,4
JMF,2
JMIA,5
JMLP,2
JMM,1
JMP,2
JMPNL,1
JMPNZ,5
JNCE,4
JNJ,2
JNPR,2
JO,2
JOB,4
JOBS,3
JOE,2
JOF,2
JOUT,3
JP,4
JPC,1
JPI,1
JPM,2
JPS,1
JPT,1
JQC,1
JRI,1
JRJC,4
JRO,1
JRS,1
JRSH,3
JRVR,2
JSD,1
JSM,1
JT,4
JTA,1
JTD,1
JVA,3
JWN,2
JYNT,4
K,2
KAI,2
KALA,4
KALU,2
KALV,4
KAMN,2
KAR,2
KB,2
KBAL,2
KBH,3
KBLM,1
KBLMU,1
KBR,2
KBSF,5
KDMN,4
KDP,2
KE,2
KELYA,2
KELYB,2
KEM,3
KEN,3
KEP,2
KEQU,2
KERN,1
KEX,2
KEY,2
KEYS,2
KF,2
KFFB,2
KFRC,3
KFS,2
KFY,2
KGC,4
KGJI,5
KHC,2
KIDS,3
KIM,2
KIN,3
KINS,5
KIO,1
KIQ,5
KIRK,3
KKR,2
KL,4
KLAC,3
KLDO,5
KLIC,4
KLR,5
KLXE,5
KMB,2
KMDA,3
KMF,2
KMI,2
KMPH,4
KMPR,2
KMT,2
KMX,2
KN,2
KNAB,2
KNDI,4
KNL,2
KNOP,2
KNSA,4
KNSL,2
KNX,2
KO,2
KOD,5
KODK,3
KOF,2
KOP,3
KOPN,4
KOS,3
KOSS,4
KPTI,4
KR,2
KRA,3
KRC,2
KREF,1
KRG,2
KRKR,4
KRMD,4
KRNT,3
KRNY,2
KRO,3
KRP,3
KRTX,5
KRUS,4
KRYS,4
KSM,1
KSS,2
KSU,2
KT,2
KTB,3
KTCC,4
KTF,1
KTH,1
KTN,1
KTOS,4
KTOV,4
KTP,2
KURA,4
KVHI,3
KW,2
KWR,2
KXIN,1
KYN,2
KZIA,4
KZR,5
L,2
LAC,5
LACQ,1
LACQU,1
LAD,3
LADR,2
LAIX,4
LAKE,4
LAMR,2
LANC,2
LAND,2
LANDP,1
LARK,2
LASR,4
LATN,1
LATNU,1
LAUR,2
LAWS,2
LAZ,2
LAZY,4
LB,2
LBAI,2
LBC,5
LBRDA,2
LBRDK,2
LBRT,4
LBTYA,2
LBTYB,2
LBTYK,2
LBY,2
LC,4
LCA,1
LCAHU,1
LCI,4
LCII,2
LCNB,2
LCTX,4
LCUT,3
LD,3
LDL,2
LDOS,2
LDP,1
LE,3
LEA,2
LEAF,3
LECO,2
LEDS,5
LEE,2
LEG,2
LEGH,3
LEJU,4
LEN,2
LEO,1
LEU,4
LEVI,3
LEVL,1
LFAC,1
LFACU,1
LFC,2
LFUS,2
LFVN,5
LGC,1
LGF,5
LGI,1
LGIH,3
LGL,2
LGND,4
LH,2
LHC,1
LHCG,2
LHX,2
LIFE,5
LII,2
LILA,2
LILAK,2
LIN,2
LINC,4
LIND,2
LINX,3
LIQT,4
LITB,4
LITE,3
LIVE,5
LIVK,5
LIVKU,1
LIVN,2
LIVX,5
LIZI,5
LJPC,5
LK,5
LKCO,5
LKFN,2
LKQ,2
LL,3
LLEX,5
LLIT,5
LLNW,4
LLY,2
LM,2
LMAT,2
LMB,1
LMFA,5
LMHA,1
LMHB,1
LMNL,5
LMNR,2
LMNX,2
LMPX,5
LMRK,2
LMRKN,1
LMRKO,1
LMRKP,1
LMST,3
LMT,2
LN,2
LNC,2
LND,3
LNDC,3
LNG,5
LNN,2
LNT,2
LNTH,4
LOAC,1
LOACU,1
LOAN,4
LOB,2
LOCO,2
LODE,4
LOGC,5
LOGI,2
LOGM,3
LOMA,3
LONE,4
LOOP,4
LOPE,2
LORL,2
LOV,3
LOVE,4
LOW,2
LPCN,4
LPG,3
LPI,4
LPL,3
LPLA,2
LPSN,4
LPTH,5
LPTX,4
LPX,2
LQDA,5
LQDT,3
LRCX,4
LRN,3
LSBK,1
LSCC,4
LSI,2
LSTR,2
LSXMA,2
LSXMB,2
LSXMK,2
LTBR,5
LTC,2
LTHM,4
LTM,2
LTRPA,3
LTRPB,4
LTRX,4
LUB,2
LULU,3
LUMO,5
LUNA,4
LUV,2
LVGO,5
LVS,2
LW,2
LWAY,4
LX,4
LXFR,2
LXP,2
LXRX,4
LXU,4
LYB,2
LYFT,3
LYG,2
LYL,5
LYTS,3
LYV,2
LZB,2
M,2
MA,2
MAA,2
MAC,2
MACK,4
MAG,4
MAGS,4
MAIN,2
MAN,2
MANH,2
MANT,2
MANU,2
MAR,2
MARA,5
MARK,5
MARPS,3
MAS,2
MASI,2
MAT,2
MATW,2
MATX,2
MAV,1
MAXR,2
MAYS,2
MBCN,2
MBI,2
MBII,4
MBIN,3
MBINO,1
MBINP,2
MBIO,4
MBNKP,5
MBOT,4
MBRX,5
MBT,3
MBUU,3
MBWM,2
MC,2
MCA,1
MCB,2
MCBC,2
MCBS,1
MCC,2
MCD,2
MCEP,5
MCF,4
MCFT,2
MCHP,2
MCHX,4
MCI,2
MCK,2
MCMJ,1
MCN,1
MCO,2
MCR,1
MCRB,4
MCRI,3
MCS,2
MCV,1
MCX,1
MCY,2
MD,2
MDB,4
MDC,3
MDCA,3
MDGL,4
MDGS,4
MDIA,5
MDJH,5
MDLA,4
MDLQ,1
MDLX,1
MDLY,4
MDLZ,2
MDP,2
MDRR,5
MDRRP,5
MDRX,2
MDT,2
MDU,2
MDWD,4
MEC,5
MED,5
MEDP,2
MEDS,5
MEET,4
MEI,3
MEIP,4
MELI,3
MEN,1
MEOH,3
MERC,3
MESA,4
MESO,4
MET,2
METC,4
METX,5
MFA,2
MFAC,1
MFC,2
MFD,2
MFG,2
MFGP,2
MFH,5
MFIN,2
MFINL,1
MFL,1
MFM,1
MFNC,2
MFO,1
MFSF,2
MFT,1
MFV,2
MG,2
MGA,2
MGEE,2
MGEN,5
MGF,1
MGI,2
MGIC,4
MGLN,2
MGM,3
MGNX,4
MGP,1
MGPI,3
MGR,1
MGRC,2
MGTA,4
MGTX,4
MGU,1
MGY,1
MGYR,2
MHD,1
MHE,1
MHF,1
MHH,4
MHI,1
MHK,2
MHLA,1
MHLD,2
MHN,1
MHNC,1
MHO,2
MIC,2
MICR,4
MICT,4
MIDD,2
MIE,2
MIK,2
MIME,3
MIN,1
MIND,4
MINDP,1
MINI,2
MIRM,5
MIST,4
MITK,5
MITO,5
MITT,2
MIXT,3
MIY,1
MJCO,2
MKC,2
MKD,5
MKGI,5
MKL,2
MKSI,2
MKTX,2
MLAB,4
MLCO,3
MLHR,2
MLI,2
MLM,2
MLND,4
MLNX,4
MLP,3
MLPB,1
MLPC,2
MLPE,1
MLPG,2
MLPI,2
MLPO,1
MLPY,2
MLR,2
MLSS,5
MLVF,2
MMAC,2
MMC,2
MMD,1
MMI,2
MMLP,2
MMM,2
MMP,2
MMS,2
MMSI,4
MMT,1
MMU,1
MMX,4
MMYT,3
MN,3
MNCL,1
MNCLU,1
MNDO,2
MNE,1
MNK,4
MNKD,4
MNLO,4
MNOV,4
MNP,1
MNPR,5
MNR,2
MNRL,3
MNRO,2
MNSB,2
MNST,5
MNTA,4
MNTX,3
MO,2
MOBL,3
MOD,2
MODN,2
MOFG,2
MOGO,5
MOGU,5
MOH,2
MOHO,5
MOMO,5
MOR,3
MORF,5
MORN,2
MOS,2
MOSY,4
MOTS,4
MOV,3
MOXC,5
MPA,1
MPAA,3
MPB,2
MPC,2
MPLX,2
MPV,2
MPW,2
MPWR,2
MPX,3
MQT,1
MQY,1
MR,4
MRAM,4
MRBK,2
MRC,3
MRCC,2
MRCCL,1
MRCY,2
MREO,5
MRIN,4
MRK,2
MRKR,5
MRLN,2
MRNA,4
MRNS,5
MRO,2
MRSN,5
MRTN,3
MRTX,4
MRUS,4
MRVL,3
MS,2
MSA,2
MSB,3
MSBF,2
MSBI,2
MSC,3
MSCI,2
MSD,1
MSEX,2
MSFT,2
MSG,2
MSGN,2
MSI,2
MSM,2
MSN,5
MSON,4
MSTR,2
MSVB,1
MT,3
MTA,5
MTB,2
MTBC,4
MTBCP,1
MTC,5
MTCH,3
MTD,2
MTDR,3
MTEM,4
MTEX,4
MTG,2
MTH,3
MTL,4
MTLS,3
MTN,2
MTNB,5
MTOR,3
MTP,5
MTR,1
MTRN,2
MTRX,4
MTSC,2
MTSI,3
MTSL,5
MTT,1
MTW,3
MTX,2
MTZ,4
MU,4
MUA,1
MUC,1
MUDS,1
MUDSU,1
MUE,1
MUFG,2
MUH,1
MUI,1
MUJ,1
MUR,2
MUS,1
MUSA,2
MUX,5
MVBF,2
MVC,1
MVCD,1
MVF,1
MVIS,4
MVO,2
MVT,1
MWA,2
MWK,2
MX,3
MXC,5
MXE,2
MXF,2
MXIM,2
MXL,3
MYC,1
MYD,1
MYE,2
MYF,1
MYFW,2
MYGN,4
MYI,1
MYJ,1
MYL,3
MYN,1
MYO,5
MYOK,4
MYOS,5
MYOV,4
MYRG,2
MYSZ,5
MYT,5
MZA,1
NAC,1
NAD,1
NAII,4
NAK,4
NAKD,5
NAN,1
NAOV,4
NAT,3
NATH,2
NATI,2
NATR,3
NAV,2
NAVB,5
NAVI,2
NAZ,1
NBACU,5
NBB,1
NBEV,5
NBH,1
NBHC,2
NBIX,4
NBL,2
NBLX,3
NBN,2
NBO,1
NBR,4
NBRV,4
NBSE,5
NBTB,2
NBW,1
NBY,5
NC,2
NCA,1
NCB,1
NCBS,2
NCLH,2
NCMI,2
NCNA,4
NCR,2
NCSM,4
NCTY,4
NCV,1
NCZ,1
NDAQ,2
NDLS,4
NDP,2
NDRA,5
NDSN,2
NE,4
NEA,1
NEBU,1
NEBUU,1
NEBUW,5
NEE,1
NEM,2
NEN,2
NEO,4
NEOG,2
NEON,5
NEOS,4
NEP,2
NEPH,5
NEPT,4
NERV,4
NES,5
NESR,1
NET,5
NETE,5
NEU,2
NEV,1
NEW,5
NEWA,5
NEWR,3
NEWT,3
NEWTL,1
NEX,5
NEXA,3
NEXT,5
NFBK,2
NFE,5
NFG,2
NFH,1
NFIN,1
NFINU,1
NFJ,1
NFLX,4
NG,4
NGD,4
NGG,2
NGHC,2
NGHCN,1
NGHCO,1
NGHCP,1
NGHCZ,1
NGL,2
NGM,4
NGS,3
NGVC,3
NGVT,2
NH,5
NHA,1
NHC,2
NHF,1
NHI,2
NHLD,5
NHS,1
NHTC,5
NI,2
NIB,2
NICE,2
NICK,2
NID,1
NIE,1
NIM,1
NINE,4
NIO,5
NIQ,1
NIU,5
NJR,2
NJV,1
NK,5
NKE,2
NKG,1
NKSH,2
NKTR,4
NKX,1
NL,3
NLOK,2
NLS,4
NLSN,2
NLTX,4
NLY,2
NM,4
NMCI,4
NMCO,1
NMFC,1
NMFX,1
NMI,1
NMIH,2
NML,2
NMM,2
NMR,2
NMRD,5
NMRK,2
NMS,1
NMT,1
NMY,1
NMZ,1
NNA,3
NNBR,3
NNDM,4
NNI,2
NNN,2
NNVC,5
NNY,1
NOA,3
NOAH,4
NOC,2
NODK,2
NOG,4
NOK,2
NOM,1
NOMD,2
NOV,3
NOVA,4
NOVN,4
NOVT,2
NOW,3
NP,2
NPA,5
NPAUU,1
NPK,2
NPN,1
NPO,2
NPTN,4
NPV,1
NQP,1
NR,3
NRBO,5
NRC,2
NREF,5
NRG,2
NRGD,4
NRGO,3
NRGU,4
NRGX,2
NRGZ,3
NRIM,2
NRK,1
NRO,1
NRP,2
NRT,2
NRUC,1
NRZ,2
NS,2
NSA,2
NSC,2
NSCO,1
NSEC,2
NSIT,4
NSL,1
NSP,2
NSPR,5
NSS,1
NSSC,4
NSTG,4
NSYS,4
NTAP,2
NTB,2
NTCO,5
NTCT,2
NTEC,4
NTES,3
NTG,2
NTGN,5
NTGR,3
NTIC,3
NTIP,3
NTLA,4
NTN,5
NTNX,4
NTP,3
NTR,2
NTRA,4
NTRP,5
NTRS,2
NTRSO,1
NTUS,3
NTWK,5
NTZ,2
NUAN,5
NUE,2
NUM,1
NUO,1
NURO,4
NUS,3
NUV,1
NUVA,3
NUW,1
NVAX,4
NVCN,5
NVCR,4
NVDA,3
NVEC,5
NVEE,3
NVFY,5
NVG,1
NVGS,1
NVIV,5
NVMI,4
NVO,2
NVR,2
NVRO,4
NVS,2
NVST,2
NVT,2
NVTA,4
NVUS,4
NWBI,2
NWE,2
NWFL,2
NWGI,5
NWHM,3
NWL,2
NWLI,2
NWN,2
NWPX,3
NWS,2
NWSA,2
NX,3
NXC,1
NXE,4
NXGN,4
NXJ,1
NXN,1
NXP,1
NXPI,3
NXQ,1
NXR,1
NXRT,2
NXST,3
NXTC,5
NXTD,5
NYCB,2
NYMT,2
NYMTM,1
NYMTN,1
NYMTO,1
NYMTP,1
NYMX,4
NYT,2
NYV,1
NZF,1
O,2
OAC,5
OAS,4
OBAS,4
OBCI,5
OBLG,5
OBLN,5
OBNK,2
OBSV,4
OC,2
OCC,4
OCCI,1
OCCIP,1
OCFC,2
OCFT,5
OCGN,5
OCN,3
OCSI,2
OCSL,2
OCUL,4
OCX,5
ODC,2
ODFL,2
ODP,4
ODT,4
OEC,2
OESX,4
OFC,2
OFED,2
OFG,2
OFIX,2
OFLX,4
OFS,2
OFSSI,1
OFSSZ,1
OGCP,2
OGE,1
OGEN,5
OGI,5
OGS,2
OHI,2
OI,2
OIA,1
OII,3
OIIM,3
OILX,2
OIS,3
OKE,2
OKTA,3
OLED,4
OLEM,2
OLLI,2
OLN,2
OLP,2
OMAB,2
OMC,2
OMCL,3
OMER,4
OMEX,4
OMF,2
OMI,2
OMP,2
ON,3
ONB,2
ONCS,4
ONCT,4
ONCY,4
ONDK,4
ONE,4
ONEM,5
ONEW,5
ONTO,5
ONTX,5
ONVO,4
OOMA,3
OPB,2
OPBK,1
OPCH,4
OPES,1
OPESU,1
OPGN,5
OPHC,5
OPI,2
OPINI,1
OPK,5
OPNT,5
OPOF,2
OPP,1
OPRA,4
OPRT,4
OPRX,5
OPTN,4
OPTT,5
OPY,2
OR,3
ORA,2
ORAN,2
ORBC,3
ORC,2
ORCC,2
ORCL,2
ORGO,1
ORGS,5
ORI,2
ORLY,2
ORMP,5
ORN,4
ORRF,2
ORSN,1
ORSNU,1
ORTX,4
OSB,2
OSBC,2
OSG,4
OSIS,2
OSK,3
OSMT,5
OSN,5
OSPN,4
OSS,5
OSTK,4
OSUR,4
OSW,5
OTEL,2
OTEX,2
OTIC,4
OTLK,5
OTTR,2
OTTW,1
OUT,2
OVBC,2
OVID,5
OVLY,2
OVV,2
OXBR,4
OXFD,3
OXLC,2
OXLCM,1
OXLCO,1
OXLCP,5
OXM,2
OXSQ,2
OXSQL,1
OXSQZ,1
OXY,2
OYST,5
OZK,2
PAA,2
PAAC,1
PAACU,1
PAAS,3
PAC,2
PACB,4
PACD,5
PACK,1
PACQ,1
PACQU,1
PACQW,2
PACW,2
PAE,5
PAG,2
PAGP,2
PAGS,4
PAHC,2
PAI,1
PAM,3
PANL,4
PANW,2
PAR,3
PARR,2
PASG,5
PATI,3
PATK,4
PAVM,5
PAVMW,5
PAYC,3
PAYS,5
PAYX,2
PB,2
PBA,2
PBB,1
PBBI,2
PBC,5
PBCT,2
PBCTP,1
PBF,3
PBFS,2
PBFX,2
PBH,2
PBHC,2
PBI,2
PBIP,2
PBPB,2
PBR,3
PBT,2
PBTS,5
PBY,1
PBYI,4
PCAR,2
PCB,2
PCF,1
PCG,2
PCH,2
PCI,1
PCK,1
PCM,1
PCN,1
PCOM,3
PCQ,1
PCRX,4
PCSB,2
PCTI,3
PCTY,3
PCYG,5
PCYO,5
PD,4
PDCE,4
PDCO,2
PDD,4
PDEX,4
PDFS,3
PDI,1
PDLB,2
PDLI,4
PDM,2
PDS,3
PDSB,5
PDT,1
PE,3
PEAK,2
PEB,2
PEBK,2
PEBO,2
PECK,1
PED,5
PEG,2
PEGA,2
PEI,2
PEIX,5
PEN,3
PENN,2
PEO,2
PEP,2
PER,2
PERI,4
PESI,4
PETQ,4
PETS,3
PETZ,5
PFBC,2
PFBI,2
PFD,1
PFE,2
PFFL,1
PFG,2
PFGC,2
PFH,1
PFHD,1
PFIE,4
PFIN,4
PFIS,2
PFL,1
PFLT,1
PFMT,3
PFN,1
PFNX,4
PFO,2
PFPT,3
PFS,2
PFSI,2
PFSW,4
PG,2
PGC,2
PGEN,4
PGM,2
PGNX,4
PGNY,5
PGP,2
PGR,2
PGRE,2
PGTI,4
PGZ,1
PH,2
PHAS,5
PHAT,5
PHCF,4
PHD,1
PHG,2
PHGE,1
PHI,2
PHIO,5
PHK,1
PHM,3
PHR,4
PHT,1
PHUN,1
PHX,3
PI,4
PIC,5
PICO,2
PIH,2
PIHPP,2
PII,2
PIM,1
PINC,2
PINE,5
PING,4
PINS,4
PIPR,5
PIRS,4
PIXY,5
PIY,1
PJH,1
PJT,5
PK,2
PKBK,2
PKE,2
PKG,2
PKI,2
PKO,1
PKOH,3
PKX,2
PLAB,4
PLAG,4
PLAN,4
PLAY,3
PLBC,2
PLCE,3
PLD,2
PLG,4
PLIN,5
PLL,4
PLM,5
PLMR,4
PLNT,2
PLOW,2
PLPC,3
PLSE,4
PLT,2
PLUG,4
PLUS,2
PLX,5
PLXP,4
PLXS,4
PLYA,2
PLYM,2
PM,2
PMBC,2
PMD,2
PME,4
PMF,1
PML,1
PMM,1
PMO,1
PMT,2
PMX,1
PNBK,2
PNC,2
PNF,1
PNFP,2
PNI,1
PNM,2
PNNT,2
PNNTG,1
PNR,2
PNRG,4
PNTG,5
PNW,2
POAI,5
PODD,3
POL,3
POLA,4
POOL,2
POPE,2
POR,2
POST,2
POWI,3
POWL,4
PPBI,2
PPC,3
PPD,5
PPG,2
PPHI,2
PPIH,4
PPL,2
PPR,1
PPSI,4
PPT,1
PPX,1
PQG,2
PRA,2
PRAA,2
PRAH,2
PRCP,4
PRDO,2
PRFT,3
PRGO,2
PRGS,2
PRGX,4
PRH,1
PRI,2
PRIM,2
PRK,2
PRLB,3
PRMW,3
PRNB,4
PRO,4
PROF,5
PROS,3
PROV,2
PRPH,5
PRPL,1
PRPO,5
PRQR,4
PRS,1
PRSC,3
PRSP,2
PRT,5
PRTA,4
PRTH,1
PRTK,4
PRTS,4
PRTY,3
PRU,2
PRVB,5
PRVL,5
PS,3
PSA,2
PSB,2
PSEC,2
PSF,1
PSHG,5
PSMT,2
PSN,5
PSNL,4
PSO,2
PSTG,4
PSTI,5
PSTL,2
PSTV,4
PSV,4
PSX,2
PSXP,2
PT,5
PTAC,5
PTACU,1
PTC,4
PTCT,4
PTE,5
PTEN,3
PTGX,4
PTI,5
PTLA,4
PTMN,2
PTN,5
PTNR,3
PTON,4
PTR,2
PTSI,3
PTVCA,2
PTVCB,2
PTY,1
PUB,2
PUK,2
PULM,5
PUMP,3
PUYI,5
PVAC,4
PVBC,2
PVG,4
PVH,2
PVL,3
PW,2
PWFL,2
PWOD,2
PWR,2
PXD,2
PXLW,4
PXS,5
PYN,1
PYPE,2
PYPL,2
PYS,2
PYT,1
PYX,4
PZC,1
PZG,4
PZN,3
PZZA,2
QADA,2
QADB,3
QBAK,4
QCOM,2
QCRH,2
QD,4
QDEL,4
QEP,4
QES,5
QFIN,4
QGEN,2
QHC,4
QIWI,4
QK,4
QLYS,3
QMCO,4
QNST,3
QQQX,1
QRHC,5
QRTEA,2
QRTEB,2
QRVO,3
QSR,2
QTNT,4
QTRX,4
QTS,2
QTT,4
QTWO,3
QUAD,2
QUIK,4
QUMU,4
QUOT,3
QURE,4
QVCC,5
QVCD,1
R,2
RA,1
RACE,2
RAD,2
RADA,4
RAIL,3
RAMP,3
RAND,4
RAPT,5
RARE,4
RARX,4
RAVE,4
RAVN,2
RBA,2
RBB,2
RBBN,4
RBC,2
RBCAA,2
RBCN,4
RBKB,2
RBNC,2
RBS,2
RBZ,5
RC,1
RCA,1
RCB,2
RCEL,4
RCG,3
RCI,2
RCII,3
RCKT,4
RCKY,4
RCL,2
RCM,3
RCMT,4
RCON,4
RCP,5
RCS,1
RCUS,4
RDCM,4
RDFN,4
RDHL,4
RDI,2
RDIB,2
RDN,2
RDNT,5
RDUS,4
RDVT,4
RDWR,2
RDY,2
RE,2
REAL,5
REDU,4
REED,4
REFR,4
REG,2
REGI,3
REGN,4
REI,4
REKR,5
RELL,4
RELV,4
RELX,2
REML,2
RENN,3
REPH,4
REPL,5
RES,3
RESI,2
RESN,4
RETA,4
RETO,5
REV,4
REVG,3
REX,3
REXN,5
REXR,2
REYN,5
REZI,3
RF,2
RFI,2
RFIL,5
RFL,4
RFM,5
RFP,3
RGA,2
RGCO,2
RGEN,4
RGLD,4
RGLS,5
RGNX,4
RGR,2
RGS,2
RGT,1
RH,3
RHE,5
RHI,2
RHP,2
RIBT,5
RICK,4
RIF,1
RIG,3
RIGL,4
RILY,4
RILYG,1
RILYH,1
RILYI,1
RILYN,1
RILYO,1
RILYP,5
RILYZ,1
RIO,2
RIOT,5
RIV,1
RIVE,2
RJA,1
RJF,2
RJI,1
RJN,2
RJZ,1
RKDA,5
RL,2
RLGT,3
RLGY,2
RLH,2
RLI,2
RLJ,2
RLMD,5
RM,2
RMAX,2
RMBI,1
RMBL,5
RMBS,4
RMCF,2
RMD,2
RMED,5
RMG,5
RMI,1
RMM,1
RMNI,1
RMR,2
RMT,2
RMTI,4
RNDB,2
RNET,4
RNG,3
RNGR,3
RNP,1
RNR,2
RNST,2
RNWK,4
ROAD,1
ROCK,2
RODI,1
ROG,2
ROIC,2
ROK,2
ROKU,4
ROL,2
ROLL,2
ROP,2
ROSE,4
ROSEU,1
ROST,2
ROYT,2
RP,2
RPAI,2
RPAY,1
RPD,3
RPLA,1
RPM,2
RPT,2
RQI,2
RRBI,2
RRC,3
RRD,2
RRGB,3
RRR,2
RRTS,3
RS,2
RSF,1
RSG,2
RSSS,4
RST,3
RTIX,3
RTLR,2
RTN,2
RTRX,3
RTTR,5
RTW,4
RUBI,4
RUBY,5
RUHN,5
RUN,4
RUSHA,2
RUSHB,2
RUTH,2
RVI,2
RVLV,4
RVNC,4
RVP,4
RVSB,2
RVT,2
RWLK,4
RWT,2
RXN,2
RY,2
RYAAY,2
RYAM,3
RYB,3
RYCE,5
RYI,4
RYN,2
RYTM,4
RZA,1
RZB,1
SA,4
SABR,2
SACC,1
SACH,2
SAEX,5
SAF,5
SAFE,2
SAFM,3
SAFT,2
SAGE,4
SAH,3
SAIA,3
SAIC,2
SAIL,4
SAL,2
SALM,4
SALT,4
SAM,2
SAMA,1
SAMAU,1
SAMG,2
SAN,2
SAND,4
SANM,4
SANW,3
SAP,2
SAQN,5
SAQNU,1
SAR,2
SASR,2
SATS,2
SAVA,4
SAVE,3
SB,4
SBAC,2
SBBP,4
SBBX,2
SBCF,2
SBE,5
SBFG,2
SBGI,3
SBH,2
SBI,1
SBLK,4
SBLKZ,1
SBNA,1
SBNY,2
SBOW,3
SBPH,4
SBR,2
SBRA,2
SBS,3
SBSI,2
SBT,5
SBUX,2
SC,2
SCA,5
SCCB,5
SCCO,2
SCD,1
SCHL,2
SCHN,3
SCHW,2
SCI,2
SCKT,5
SCL,2
SCM,2
SCON,5
SCOR,2
SCPE,1
SCPH,5
SCPL,3
SCS,2
SCSC,2
SCU,3
SCVL,4
SCVX,5
SCWX,4
SCX,2
SCYX,4
SD,3
SDC,5
SDGR,5
SDI,4
SDPI,4
SDRL,5
SDYL,2
SE,4
SEAC,4
SEAS,2
SEB,2
SECO,4
SEDG,4
SEE,2
SEED,4
SEEL,5
SEIC,2
SELB,5
SELF,2
SEM,2
SENEA,2
SENEB,2
SENS,4
SERV,2
SES,5
SESN,5
SF,2
SFBC,1
SFBS,2
SFE,3
SFET,5
SFIX,4
SFL,2
SFM,2
SFNC,2
SFST,2
SFTW,2
SFUN,4
SG,5
SGA,2
SGB,2
SGBX,5
SGC,2
SGEN,3
SGG,2
SGH,4
SGLB,5
SGMA,4
SGMO,4
SGMS,4
SGOC,5
SGRP,5
SGRY,4
SGU,2
SHAK,3
SHBI,2
SHEN,3
SHG,2
SHI,3
SHIP,5
SHLL,1
SHLO,4
SHLX,2
SHO,2
SHOO,2
SHOP,3
SHSP,4
SHW,2
SI,5
SIBN,3
SIC,3
SID,4
SIEB,4
SIEN,4
SIF,3
SIFY,4
SIG,2
SIGA,4
SIGI,2
SILC,5
SILK,3
SILV,4
SIM,3
SIMO,3
SINA,3
SINO,5
SINT,5
SIRI,5
SITC,2
SITE,2
SITM,5
SIVB,2
SIVBP,5
SIX,2
SJI,2
SJIJ,1
SJIU,1
SJM,2
SJR,2
SJT,2
SJW,2
SKM,2
SKT,2
SKX,3
SKY,2
SKYS,4
SKYW,4
SLAB,2
SLB,2
SLCA,4
SLCT,2
SLDB,5
SLF,2
SLG,2
SLGG,5
SLGL,4
SLGN,2
SLM,2
SLMBP,1
SLNO,5
SLP,5
SLRC,1
SLRX,5
SLS,5
SLVO,2
SM,4
SMAR,4
SMBC,2
SMBK,2
SMCI,3
SMED,5
SMFG,2
SMG,2
SMHB,2
SMHI,3
SMIT,4
SMLP,2
SMM,2
SMMC,1
SMMCU,1
SMMF,2
SMMT,4
SMP,2
SMPL,2
SMRT,3
SMSI,5
SMTC,4
SMTS,4
SMTX,5
SNA,2
SNAP,4
SNBR,4
SNCA,5
SNCR,4
SND,4
SNDE,4
SNDL,5
SNDR,2
SNDX,4
SNE,2
SNES,5
SNFCA,5
SNGX,5
SNMP,4
SNN,2
SNOA,4
SNP,2
SNPS,2
SNR,2
SNSS,4
SNV,2
SNX,2
SNY,2
SO,2
SOGO,3
SOHO,2
SOHOB,1
SOHON,1
SOHOO,1
SOHU,4
SOI,4
SOJA,1
SOJB,1
SOJC,1
SOJD,5
SOL,4
SOLN,1
SOLO,5
SOLY,5
SON,2
SONA,2
SONG,4
SONM,5
SONO,4
SOR,1
SORL,4
SP,2
SPAQ,1
SPAR,3
SPB,2
SPCB,5
SPCE,1
SPE,1
SPFI,1
SPG,2
SPGI,2
SPH,2
SPI,5
SPKE,3
SPKEP,1
SPLK,3
SPLP,2
SPN,5
SPNE,3
SPNS,4
SPOK,2
SPOT,3
SPPI,4
SPR,2
SPRO,4
SPRT,4
SPSC,2
SPT,5
SPTN,3
SPWH,3
SPWR,4
SPXC,2
SPXX,1
SQ,3
SQBG,5
SQM,2
SQNS,4
SR,2
SRAC,1
SRACU,1
SRAX,5
SRC,2
SRCE,2
SRCL,2
SRDX,2
SRE,2
SREA,1
SREV,4
SRF,2
SRG,2
SRI,3
SRL,3
SRLP,2
SRNE,5
SRPT,4
SRRA,4
SRRK,5
SRT,3
SRTS,4
SRV,2
SSB,2
SSBI,2
SSD,2
SSI,4
SSKN,4
SSL,2
SSNC,2
SSNT,5
SSP,2
SSPK,1
SSPKU,1
SSRM,4
SSSS,2
SSTI,4
SSTK,3
SSY,4
SSYS,4
ST,2
STAA,4
STAF,5
STAG,2
STAR,2
STAY,2
STBA,2
STC,2
STCN,5
STE,2
STFC,2
STG,4
STIM,4
STK,2
STKL,5
STKS,4
STL,2
STLD,3
STM,3
STML,4
STMP,3
STN,2
STND,1
STNE,4
STNG,3
STOK,5
STON,2
STOR,2
STPP,1
STRA,2
STRL,4
STRM,4
STRO,4
STRS,4
STRT,3
STSA,4
STT,2
STWD,1
STX,3
STXB,2
STXS,4
STZ,2
SU,2
SUI,2
SUM,3
SUMR,4
SUN,2
SUNS,1
SUNW,5
SUP,2
SUPN,3
SUPV,4
SURF,4
SUZ,3
SVA,3
SVBI,2
SVC,2
SVM,3
SVMK,4
SVRA,4
SVT,3
SVVC,2
SWAV,4
SWCH,2
SWI,2
SWIR,4
SWK,2
SWKH,3
SWKS,4
SWM,2
SWN,2
SWP,2
SWT,5
SWTX,5
SWX,2
SWZ,2
SXC,3
SXI,2
SXT,2
SXTC,5
SY,4
SYBT,2
SYBX,4
SYF,2
SYK,2
SYKE,2
SYN,5
SYNA,3
SYNC,3
SYNH,2
SYNL,3
SYPR,4
SYRS,4
SYX,3
SYY,2
SZC,2
T,2
TA,3
TAC,2
TACO,2
TACT,4
TAIT,4
TAK,5
TAL,3
TALO,3
TANH,4
TANNI,1
TANNL,1
TANNZ,1
TAOP,4
TAP,2
TAPR,3
TARA,4
TARO,2
TAST,3
TAT,4
TATT,5
TAYD,4
TBB,1
TBBK,2
TBC,2
TBI,4
TBIO,4
TBK,2
TBLT,5
TBLTW,5
TBNK,2
TBPH,3
TC,5
TCBI,2
TCBIL,1
TCBIP,1
TCBK,2
TCCO,5
TCDA,4
TCF,2
TCFC,2
TCFCP,5
TCI,2
TCMD,3
TCO,2
TCOM,3
TCON,4
TCP,2
TCPC,1
TCRD,2
TCRR,5
TCRW,1
TCRZ,1
TCS,4
TCX,5
TD,2
TDA,1
TDAC,1
TDACU,1
TDC,2
TDE,1
TDF,2
TDG,2
TDI,1
TDJ,1
TDOC,4
TDS,2
TDW,3
TDY,2
TEAF,2
TEAM,3
TECD,2
TECH,2
TECK,3
TECTP,2
TEDU,3
TEF,2
TEI,1
TEL,2
TELA,5
TELL,4
TEN,2
TENB,4
TENX,5
TEO,3
TER,3
TERP,2
TESS,3
TEUM,5
TEVA,2
TEX,3
TFC,2
TFFP,3
TFII,2
TFSL,2
TFX,2
TG,3
TGA,5
TGB,4
TGC,5
TGE,2
TGEN,4
TGH,3
TGI,2
TGLS,2
TGNA,2
TGP,2
TGS,3
TGT,2
TGTX,4
TH,4
THBR,1
THBRU,1
THC,3
THCA,1
THCAU,1
THCB,1
THCBU,1
THFF,2
THG,2
THGA,1
THM,4
THMO,5
THO,3
THQ,1
THR,2
THRM,5
THS,2
THTX,4
THW,1
TIF,2
TIGO,2
TIGR,5
TILE,2
TIPT,3
TISI,4
TITN,3
TIVO,3
TJX,2
TK,2
TKAT,5
TKC,2
TKR,2
TLC,4
TLF,3
TLGT,4
TLI,1
TLK,2
TLND,3
TLRD,4
TLRY,5
TLSA,5
TLYS,4
TM,2
TMDI,5
TMDX,4
TME,3
TMHC,2
TMO,2
TMP,2
TMQ,4
TMSR,1
TMST,4
TMUS,2
TNAV,3
TNC,2
TNDM,4
TNET,2
TNK,4
TNP,3
TNXP,5
TOCA,4
TOL,3
TOPS,5
TORC,4
TOT,2
TOTA,1
TOTAU,1
TOUR,4
TOWN,2
TPB,4
TPC,3
TPCO,3
TPH,2
TPHS,3
TPIC,3
TPL,2
TPR,2
TPRE,2
TPTX,4
TPVG,2
TPVY,1
TPX,3
TPZ,1
TR,2
TRC,2
TRCH,5
TREC,3
TREE,3
TREX,3
TRGP,2
TRHC,4
TRI,2
TRIB,4
TRIL,5
TRIP,3
TRMB,4
TRMD,5
TRMK,2
TRMT,3
TRN,2
TRNE,1
TRNO,2
TRNS,4
TRNX,5
TROV,5
TROW,2
TROX,3
TRP,2
TRPX,5
TRQ,4
TRS,2
TRST,2
TRT,4
TRTN,3
TRTX,1
TRU,2
TRUE,4
TRUP,3
TRV,2
TRVG,4
TRVI,1
TRVN,4
TRWH,2
TRX,4
TRXC,5
TS,2
TSBK,2
TSC,2
TSCAP,1
TSCBP,1
TSCO,2
TSE,3
TSEM,4
TSG,4
TSI,2
TSLA,3
TSLF,1
TSLX,1
TSM,2
TSN,2
TSQ,3
TSRI,4
TSU,3
TT,5
TTC,2
TTD,4
TTEC,2
TTEK,2
TTGT,4
TTI,4
TTM,3
TTMI,4
TTNP,4
TTOO,4
TTP,2
TTPH,4
TTWO,4
TU,2
TUES,4
TUFN,4
TUP,2
TURN,4
TUSK,4
TV,2
TVC,1
TVE,1
TVIX,5
TVTY,3
TW,3
TWI,4
TWIN,2
TWLO,5
TWMC,3
TWN,2
TWNK,2
TWNKW,4
TWO,2
TWOU,3
TWST,4
TWTR,4
TX,3
TXG,5
TXMD,4
TXN,2
TXRH,2
TXT,2
TY,1
TYG,2
TYHT,4
TYL,2
TYME,5
TZAC,1
TZACU,1
TZOO,4
UA,3
UAA,3
UAG,2
UAL,3
UAMY,5
UAN,3
UAUD,2
UAVS,5
UBA,2
UBCP,2
UBER,3
UBFO,2
UBG,1
UBOH,2
UBP,2
UBS,2
UBSI,2
UBX,5
UCBI,2
UCHF,2
UCI,1
UCIB,1
UCTT,4
UDR,2
UE,2
UEC,4
UEIC,3
UEPS,3
UEUR,2
UFAB,3
UFCS,2
UFI,2
UFPI,3
UFPT,5
UFS,2
UG,3
UGAZ,5
UGBP,3
UGI,2
UGLD,3
UGP,2
UHAL,2
UHS,2
UHT,2
UI,3
UIHC,2
UIS,2
UJPY,2
UL,2
ULBI,4
ULH,3
ULTA,2
UMBF,2
UMC,3
UMH,2
UMPQ,2
UMRX,5
UN,2
UNAM,3
UNB,2
UNF,2
UNFI,3
UNH,2
UNIT,2
UNM,2
UNMA,1
UNP,2
UNT,4
UNTY,2
UNVR,2
UONE,5
UONEK,4
UPLD,3
UPS,1
UPWK,4
URBN,3
URG,4
URGN,4
URI,3
UROV,4
URR,2
USA,2
USAC,2
USAK,3
USAP,3
USAS,4
USAU,4
USB,2
USCR,3
USDP,2
USEG,4
USFD,2
USIO,5
USLM,2
USLV,4
USM,2
USNA,4
USOI,2
USPH,2
USV,2
USWS,4
USX,4
UTF,1
UTG,1
UTHR,2
UTI,3
UTL,2
UTMD,2
UTSI,4
UTX#,2
UTX,2
UUU,5
UUUU,5
UVE,2
UVSP,2
UVV,2
UXIN,5
UZA,1
UZB,1
UZC,1
V,2
VAC,2
VAL,4
VALE,3
VALU,3
VAM,1
VAPO,4
VAR,2
VBF,1
VBFC,2
VBIV,5
VBLT,4
VBTX,2
VC,2
VCEL,5
VCF,1
VCIF,1
VCNX,5
VCRA,3
VCTR,3
VCV,1
VCYT,4
VEC,3
VECO,4
VEDL,3
VEEV,2
VEL,5
VEON,3
VER,5
VERB,5
VERI,5
VERO,5
VERU,4
VERY,5
VET,2
VFC,2
VFF,5
VFL,1
VG,4
VGI,1
VGM,1
VGR,2
VGZ,4
VHC,5
VHI,4
VIAC,2
VIACA,5
VIAV,4
VICI,1
VICR,4
VIE,5
VIIX,4
VIOT,3
VIPS,4
VIR,5
VIRC,3
VIRT,2
VISL,5
VIST,4
VIV,2
VIVE,5
VIVO,4
VJET,4
VKI,1
VKQ,1
VKTX,5
VLGEA,2
VLO,2
VLRS,3
VLT,2
VLY,2
VLYPO,1
VLYPP,2
VMC,2
VMD,5
VMI,2
VMM,1
VMO,1
VMW,2
VNCE,4
VNDA,4
VNE,3
VNET,4
VNO,2
VNOM,3
VNRX,4
VNTR,4
VOC,3
VOD,2
VOLT,3
VOXX,4
VOYA,2
VPG,2
VPV,1
VQT,1
VRA,3
VRAY,4
VRCA,4
VREX,2
VRML,5
VRNA,4
VRNS,2
VRNT,2
VRRM,1
VRS,3
VRSK,2
VRSN,2
VRT,4
VRTS,2
VRTU,2
VRTV,3
VRTX,4
VSAT,2
VSEC,3
VSH,3
VSLR,4
VST,2
VSTM,4
VSTO,2
VTA,1
VTGN,5
VTIQ,1
VTIQU,1
VTIQW,5
VTN,1
VTNR,5
VTR,2
VTSI,4
VTVT,4
VUZI,5
VVI,2
VVNT,5
VVPR,5
VVR,1
VVUS,4
VVV,2
VXRT,5
VXX,4
VXZ,2
VYGR,4
VZ,2
W,4
WAB,2
WABC,2
WAFD,2
WAFU,5
WAL,2
WALA,1
WASH,2
WAT,2
WATT,4
WB,4
WBA,2
WBAI,4
WBC,2
WBK,2
WBS,2
WBT,2
WCC,2
WCN,2
WD,2
WDAY,2
WDC,4
WDFC,2
WDR,2
WEA,1
WEBK,2
WEC,1
WEI,1
WELL,2
WEN,2
WERN,2
WES,2
WETF,4
WEX,2
WEYS,2
WF,2
WFC,2
WGO,4
WH,2
WHD,3
WHF,2
WHFBZ,1
WHG,2
WHLM,5
WHLR,2
WHLRD,2
WHLRP,2
WHR,2
WIA,1
WIFI,3
WIL,1
WILC,4
WINA,2
WING,3
WINS,5
WIRE,3
WISA,5
WIT,2
WIW,1
WIX,3
WK,2
WKEY,1
WKHS,5
WLDN,4
WLFC,2
WLK,3
WLKP,2
WLL,3
WLTW,2
WM,2
WMB,2
WMC,2
WMGI,2
WMK,2
WMS,3
WMT,2
WNC,3
WNEB,2
WNS,2
WOR,2
WORK,4
WORX,5
WOW,3
WPC,2
WPG,2
WPM,4
WPP,2
WPRT,4
WPX,3
WRB,2
WRE,2
WRI,2
WRK,2
WRLD,3
WRLS,1
WRLSU,1
WRN,4
WRTC,5
WSBC,2
WSBF,2
WSC,1
WSFS,2
WSG,4
WSM,2
WSO,2
WSR,2
WST,2
WSTG,2
WSTL,4
WTBA,2
WTER,5
WTFC,2
WTFCM,1
WTI,4
WTIU,4
WTM,2
WTRE,3
WTREP,1
WTRG,5
WTRH,1
WTRU,1
WTS,2
WTT,4
WTTR,3
WU,2
WUBA,3
WVE,4
WVFC,2
WVVI,5
WVVIP,3
WW,2
WWD,2
WWE,2
WWR,5
WWW,2
WY,2
WYND,2
WYNN,3
WYY,5
X,3
XAIR,4
XAN,2
XBIO,5
XBIOW,5
XBIT,4
XCUR,5
XEC,2
XEL,1
XELA,1
XELB,4
XENE,4
XENT,4
XERS,4
XFLT,1
XFOR,5
XGN,5
XHR,2
XIN,3
XLNX,2
XLRN,4
XNCR,3
XNET,4
XOG,4
XOM,2
XOMA,4
XONE,4
XP,5
XPEL,5
XPER,2
XPL,4
XPO,3
XRAY,2
XRF,5
XRX,2
XSPA,5
XTLB,5
XTNT,5
XVZ,1
XXII,4
XYF,4
XYL,2
Y,1
YCBD,5
YELP,4
YETI,4
YEXT,3
YGRN,2
YGYI,4
YGYIP,5
YI,5
YIN,4
YJ,4
YMAB,4
YNDX,3
YORW,2
YPF,2
YRCW,2
YRD,4
YTEN,5
YTRA,3
YUM,2
YUMA,5
YUMC,2
YVR,5
YY,4
Z,3
ZAGG,4
ZBH,2
ZBRA,2
ZCMD,5
ZDGE,5
ZEAL,4
ZEN,3
ZEUS,4
ZFGN,4
ZG,4
ZGNX,4
ZGYHU,5
ZION,2
ZIONL,3
ZIONN,1
ZIONO,5
ZIONP,1
ZIONW,5
ZIOP,4
ZIV,2
ZIXI,4
ZKIN,4
ZLAB,4
ZM,3
ZN,4
ZNGA,2
ZNH,4
ZOM,5
ZS,4
ZSAN,5
ZTO,3
ZTR,1
ZTS,2
ZUMZ,3
ZUO,3
ZVO,5
ZYME,4
ZYNE,4
ZYXI,5
